attr	zh	en	Pos	FreePos	PosGrid	Text	StrokeText	RichText	HPLabel	Bubble	Balloon	DynamicBubble	ChatWindow	Animation	Background	Audio	BGM
label_color	标签颜色	label_color	0	0	0	1	1	1	1	1	1	1	1	1	1	1	1
pos	位置	pos	1	1	1	0	0	0	0	1	1	1	1	1	1	0	0
end	终点	end	0	0	1	0	0	0	0	0	0	0	0	0	0	0	0
x_step	水平点数	x_step	0	0	1	0	0	0	0	0	0	0	0	0	0	0	0
y_step	垂直点数	y_step	0	0	1	0	0	0	0	0	0	0	0	0	0	0	0
fontfile	字体路径	fontfile	0	0	0	1	1	1	1	0	0	0	0	0	0	0	0
fontsize	字体大小	fontsize	0	0	0	1	1	1	1	0	0	0	0	0	0	0	0
color	字体颜色	color	0	0	0	1	1	1	1	0	0	0	0	0	0	0	0
line_limit	单行字数	line_limit	0	0	0	1	1	1	0	0	0	0	0	0	0	0	0
edge_color	描边颜色	edge_color	0	0	0	0	1	0	0	0	0	0	0	0	0	0	0
edge_width	描边宽度	edge_width	0	0	0	0	1	0	0	0	0	0	0	0	0	0	0
projection	投影方向	projection	0	0	0	0	1	0	0	0	0	0	0	0	0	0	0
marker	文字标签	marker	0	0	0	0	0	0	1	0	0	0	0	0	0	0	0
fg_path	前景路径	fg_path	0	0	0	0	0	0	1	0	0	0	0	0	0	0	0
bg_path	背景路径	bg_path	0	0	0	0	0	0	1	0	0	0	0	0	0	0	0
align	对齐	align	0	0	0	0	0	0	1	1	1	1	0	0	0	0	0
width	宽度	width	0	0	0	0	0	0	1	0	0	0	0	0	0	0	0
repeat	单位	repeat	0	0	0	0	0	0	1	0	0	0	0	0	0	0	0
filepath	文件路径	filepath	0	0	0	0	0	0	0	1	1	1	1	1	1	2	2
scale	缩放	scale	0	0	0	0	0	0	0	1	1	1	1	1	1	0	0
Main_Text	主文本字体	Main_Text	0	0	0	0	0	0	0	1	1	1	0	0	0	0	0
Header_Text	头文本字体	Header_Text	0	0	0	0	0	0	0	1	2	1	0	0	0	0	0
mt_pos	主文本位置	mt_pos	0	0	0	0	0	0	0	1	1	1	0	0	0	0	0
mt_rotate	主文本旋转	mt_rotate	0	0	0	0	0	0	0	1	1	0	0	0	0	0	0
mt_end	主文本终点	mt_end	0	0	0	0	0	0	0	0	0	1	0	0	0	0	0
ht_pos	头文本位置	ht_pos	0	0	0	0	0	0	0	1	2	1	0	0	0	0	0
ht_rotate	头文本旋转	ht_rotate	0	0	0	0	0	0	0	1	2	0	0	0	0	0	0
ht_target	头文本目标	ht_target	0	0	0	0	0	0	0	1	2	1	0	0	0	0	0
vertical_align	垂直对齐	vertical_align	0	0	0	0	0	0	0	1	1	1	0	0	0	0	0
head_align	头文本对齐	head_align	0	0	0	0	0	0	0	1	2	1	0	0	0	0	0
line_distance	主文本行距	line_distance	0	0	0	0	0	0	0	1	1	1	0	0	0	0	0
line_num_est	主文本行数	line_num_est	0	0	0	0	0	0	0	1	1	0	0	0	0	0	0
fit_axis	适应方向	fit_axis	0	0	0	0	0	0	0	0	0	1	0	0	0	0	0
fill_mode	填充模式	fill_mode	0	0	0	0	0	0	0	0	0	1	0	0	0	0	0
sub_key	关键字	sub_key	0	0	0	0	0	0	0	0	0	0	1	0	0	0	0
sub_Bubble	子气泡	sub_Bubble	0	0	0	0	0	0	0	0	0	0	1	0	0	0	0
sub_Anime	子头像	sub_Anime	0	0	0	0	0	0	0	0	0	0	1	0	0	0	0
sub_align	子对齐	sub_align	0	0	0	0	0	0	0	0	0	0	1	0	0	0	0
sub_pos	滚动起点	sub_pos	0	0	0	0	0	0	0	0	0	0	1	0	0	0	0
sub_end	滚动终点	sub_end	0	0	0	0	0	0	0	0	0	0	1	0	0	0	0
am_left	头像左边界	am_left	0	0	0	0	0	0	0	0	0	0	1	0	0	0	0
am_right	头像右边界	am_right	0	0	0	0	0	0	0	0	0	0	1	0	0	0	0
sub_distance	滚动间距	sub_distance	0	0	0	0	0	0	0	0	0	0	1	0	0	0	0
tick	拍率	tick	0	0	0	0	0	0	0	0	0	0	0	1	0	0	0
loop	循环播放	loop	0	0	0	0	0	0	0	0	0	0	0	1	0	0	1
volume	音量	volume	0	0	0	0	0	0	0	0	0	0	0	0	0	0	1
